customer_id,full_name,last_name,address,zip,email
1000,Allison Hill,Hill,18196 Anthony Forge,30996,allison.hill@example.com
1001,Alyssa Gonzalez,Gonzalez,79402 Peterson Drives Apt. 511,50298,alyssa.gonzalez@example.com
1002,Ryan Munoz,Munoz,781 Miller Hill,82898,ryan.munoz@example.com
1003,Shannon Ray,Ray,34131 Ramirez Roads,48320,shannon.ray@example.com
1004,Henry Santiago,Santiago,283 Steven Groves,84387,henry.santiago@example.com
1005,Colleen Nguyen,Nguyen,05641 Robin Port,94599,colleen.nguyen@example.com
1006,Matthew Foster,Foster,42388 Burgess Meadow Suite 532,67285,matthew.foster@example.com
1007,Peter Callahan Jr.,Jr.,691 James Mountain,69853,peter.callahan.jr.@example.com
1008,Juan Dunlap,Dunlap,845 Kelly Estate,59971,juan.dunlap@example.com
1009,Nathan Cortez,Cortez,148 Eric Track,21675,nathan.cortez@example.com
1010,Paula Moreno,Moreno,570 Sarah Wells,40807,paula.moreno@example.com
1011,David Bradley,Bradley,71822 Arroyo Expressway,35242,david.bradley@example.com
1012,Lisa Brandt,Brandt,465 Lam Mission,16361,lisa.brandt@example.com
1013,Austin Smith,Smith,301 Jeremy Bypass,43810,austin.smith@example.com
1014,David Caldwell,Caldwell,299 Sanchez Mountains,53855,david.caldwell@example.com
1015,Brent Jordan,Jordan,7010 Chandler Union Apt. 333,70793,brent.jordan@example.com
1016,Javier Ramirez,Ramirez,78108 Tanya Terrace,31483,javier.ramirez@example.com
1017,John Lewis,Lewis,26064 Mitchell Square Suite 234,29035,john.lewis@example.com
1018,Lauren Daniels,Daniels,09788 Brian Pass Apt. 219,09408,lauren.daniels@example.com
1019,Cynthia Wilson,Wilson,909 Robert Prairie,74586,cynthia.wilson@example.com
1020,Taylor Harris,Harris,46247 Hickman Cliffs Apt. 799,13605,taylor.harris@example.com
1021,Daniel Baker,Baker,35427 Carr Valley Apt. 841,18102,daniel.baker@example.com
1022,Steve Newton,Newton,4935 Grace Walk,35101,steve.newton@example.com
1023,Danielle Odonnell,Odonnell,64005 Dana Greens,21679,danielle.odonnell@example.com
1024,Kristen Patterson,Patterson,12805 Russell Canyon,40905,kristen.patterson@example.com
1025,Timothy Stanton,Stanton,3315 Dickson Summit,20758,timothy.stanton@example.com
1026,Cynthia Martin,Martin,0256 Joseph Turnpike,92418,cynthia.martin@example.com
1027,Shane Garrison,Garrison,75433 Donna Locks,43526,shane.garrison@example.com
1028,Benjamin Ayala,Ayala,868 Crosby Crescent Suite 294,05515,benjamin.ayala@example.com
1029,Jeffrey Chandler,Chandler,9816 Jonathan Station Suite 088,90528,jeffrey.chandler@example.com
1030,Natalie Lambert,Lambert,1595 Jennifer Hills Suite 656,91885,natalie.lambert@example.com
1031,Cameron Fisher,Fisher,299 Sullivan Village Apt. 443,56847,cameron.fisher@example.com
1032,Lisa Morris,Morris,3872 Justin Shore Suite 134,29945,lisa.morris@example.com
1033,Brittany Williams,Williams,176 Jennifer Lights Suite 632,86491,brittany.williams@example.com
1034,Stephanie Dalton,Dalton,3287 Angela Vista,16407,stephanie.dalton@example.com
1035,Robert Contreras,Contreras,9868 Merritt Summit Suite 743,84080,robert.contreras@example.com
1036,Richard Washington,Washington,7143 Rogers Plains,11062,richard.washington@example.com
1037,David Benson,Benson,66587 Brown Village,55570,david.benson@example.com
1038,Randy Shah,Shah,670 Evans Loaf,55422,randy.shah@example.com
1039,Morgan Marsh,Marsh,3467 Paul Skyway,89517,morgan.marsh@example.com
1040,Misty Pittman,Pittman,806 Christopher Meadow,18287,misty.pittman@example.com
1041,Catherine Green,Green,75564 King Common Suite 080,46371,catherine.green@example.com
1042,Barry Bernard,Bernard,33092 David Skyway,15494,barry.bernard@example.com
1043,Claudia Lyons,Lyons,99124 Beth Inlet Suite 631,78108,claudia.lyons@example.com
1044,Lori Garcia,Garcia,919 Michael Meadow Suite 185,02159,lori.garcia@example.com
1045,Samantha Garcia,Garcia,726 Jessica Run Suite 987,61432,samantha.garcia@example.com
1046,Nicholas Adams,Adams,47379 Rogers Park,43101,nicholas.adams@example.com
1047,Daniel Salinas,Salinas,9480 Christopher Stravenue Suite 783,91020,daniel.salinas@example.com
1048,Michael West,West,43634 Kennedy Pines,45557,michael.west@example.com
1049,Patrick Rivera,Rivera,4431 Leslie Summit Apt. 337,36742,patrick.rivera@example.com
1050,Vanessa Warren,Warren,34352 Smith Place Apt. 400,73030,vanessa.warren@example.com
1051,Tony Little,Little,09477 Peterson Center Suite 711,53022,tony.little@example.com
1052,Kenneth Parks Jr.,Jr.,31869 Kimberly Light Suite 749,56708,kenneth.parks.jr.@example.com
1053,Marc Lynch,Lynch,34123 Andrea Estate,00851,marc.lynch@example.com
1054,Michael Harrison,Harrison,44713 French Road,77805,michael.harrison@example.com
1055,Taylor Coleman,Coleman,242 Brian Turnpike,40820,taylor.coleman@example.com
1056,Samantha Morse,Morse,74648 Kim Rapid Apt. 659,33317,samantha.morse@example.com
1057,Darryl Craig,Craig,490 Thomas Run,58464,darryl.craig@example.com
1058,Catherine Richards,Richards,75655 Mia Isle Suite 746,72603,catherine.richards@example.com
1059,Brandon King,King,8087 Brown Path,47920,brandon.king@example.com
1060,Kathleen Ramos,Ramos,48247 Martinez Roads,80307,kathleen.ramos@example.com
1061,Michelle Collins,Collins,613 Steven Crest,85397,michelle.collins@example.com
1062,Kathleen Moran,Moran,7737 Patrick Rapid Apt. 146,45049,kathleen.moran@example.com
1063,Katie Hoover,Hoover,499 Grimes Mission Suite 558,71729,katie.hoover@example.com
1064,Timothy Kane,Kane,636 Louis Mountains,92936,timothy.kane@example.com
1065,Jane Mcneil,Mcneil,0289 Kane Well,58212,jane.mcneil@example.com
1066,Thomas Smith,Smith,2174 Hanson Locks,85676,thomas.smith@example.com
1067,Gary Craig,Craig,7809 Jimmy Spur Suite 316,13404,gary.craig@example.com
1068,Michele Garcia,Garcia,400 Flynn Hill,47485,michele.garcia@example.com
1069,Charles Schmidt,Schmidt,21969 Tyler Prairie,19259,charles.schmidt@example.com
1070,Mark Stevens,Stevens,4821 Landry Radial,39711,mark.stevens@example.com
1071,Jessica Wright,Wright,67136 Andrews Squares Suite 064,01562,jessica.wright@example.com
1072,Melissa Garner,Garner,743 Robinson Field,81882,melissa.garner@example.com
1073,Perry Saunders,Saunders,104 Johnson Lakes,96492,perry.saunders@example.com
1074,Theodore Murphy,Murphy,32858 Rivas Glens Suite 451,61886,theodore.murphy@example.com
1075,Brenda Levy,Levy,516 Joseph Crossing Suite 549,50442,brenda.levy@example.com
1076,Teresa Rodriguez,Rodriguez,0985 Deborah Roads,61353,teresa.rodriguez@example.com
1077,Elizabeth Ortiz,Ortiz,04711 Paige Dale,51441,elizabeth.ortiz@example.com
1078,Michael Paul,Paul,261 Gilbert Harbors Apt. 537,58788,michael.paul@example.com
1079,Savannah Garcia,Garcia,506 Lopez Crossing Suite 139,03300,savannah.garcia@example.com
1080,Gavin Zhang,Zhang,83933 Schroeder Turnpike,78617,gavin.zhang@example.com
1081,Scott Thomas,Thomas,421 David Knolls,31687,scott.thomas@example.com
1082,Alexis Baker,Baker,681 Thomas Tunnel,47954,alexis.baker@example.com
1083,Ashley Gordon,Gordon,847 Bruce Neck,53141,ashley.gordon@example.com
1084,Brian Joseph,Joseph,15921 Joshua Roads Suite 698,39153,brian.joseph@example.com
1085,Larry Garcia,Garcia,836 Beasley Loop,44925,larry.garcia@example.com
1086,Jennifer Blair,Blair,5452 Jones Village Apt. 161,98095,jennifer.blair@example.com
1087,Robin Hawkins,Hawkins,165 Parrish Stravenue Apt. 494,46591,robin.hawkins@example.com
1088,Jordan Moore,Moore,15851 Andrews Valley Suite 899,88971,jordan.moore@example.com
1089,Allison Hickman,Hickman,24455 Howard Divide Suite 120,12527,allison.hickman@example.com
1090,Cindy Barnes,Barnes,54599 Nicole Drives Apt. 901,36166,cindy.barnes@example.com
1091,Jeff Lawson,Lawson,3815 Rodriguez Springs Suite 840,29404,jeff.lawson@example.com
1092,Kyle Smith,Smith,24451 Tyler Meadows Apt. 268,92732,kyle.smith@example.com
1093,Justin Barnett,Barnett,60607 Michelle Ports Suite 966,38448,justin.barnett@example.com
1094,Alex Nguyen,Nguyen,516 John Radial Suite 816,41169,alex.nguyen@example.com
1095,Connie Maxwell,Maxwell,188 Rebecca Keys,46520,connie.maxwell@example.com
1096,Sabrina Briggs,Briggs,24329 Kathleen Shoal,10377,sabrina.briggs@example.com
1097,Raymond Snyder,Snyder,995 Hernandez Cliff Suite 744,78019,raymond.snyder@example.com
1098,Jordan Collins,Collins,05411 Ford Plaza Apt. 793,42644,jordan.collins@example.com
1099,Kathryn Rosario,Rosario,51820 Jasmine Mill Apt. 554,51280,kathryn.rosario@example.com
1100,George Harper,Harper,51864 Cummings Shoals Apt. 519,87481,george.harper@example.com
1101,Gregory Ponce,Ponce,91486 Li Skyway Apt. 685,02890,gregory.ponce@example.com
1102,Christopher Lewis,Lewis,32214 William Plains Apt. 592,78783,christopher.lewis@example.com
1103,Christopher Guerra,Guerra,706 Rhodes Freeway,58723,christopher.guerra@example.com
1104,Nicole Bowers,Bowers,347 Micheal Ports,58250,nicole.bowers@example.com
1105,Douglas Reyes,Reyes,39240 Sawyer Plaza Apt. 814,11494,douglas.reyes@example.com
1106,Denise Whitehead,Whitehead,1375 Robert Locks,66300,denise.whitehead@example.com
1107,James Miller,Miller,51522 Justin Village,62426,james.miller@example.com
1108,Brenda Thornton,Thornton,010 Lewis Drive Suite 143,39973,brenda.thornton@example.com
1109,David Fowler,Fowler,17980 Jennifer Highway Suite 095,32032,david.fowler@example.com
1110,Chelsea Barnett,Barnett,88888 Peter Mountains Apt. 654,98453,chelsea.barnett@example.com
1111,Richard Cooper,Cooper,520 Payne Via,84753,richard.cooper@example.com
1112,Richard Marshall,Marshall,221 Johnson Flats Apt. 305,41143,richard.marshall@example.com
1113,Virginia Daniels,Daniels,34505 Martinez Land Suite 676,44939,virginia.daniels@example.com
1114,Kathleen Jimenez,Jimenez,61692 Morris Common Suite 447,79487,kathleen.jimenez@example.com
1115,Carol Wallace,Wallace,59640 Emily Lodge Suite 820,19215,carol.wallace@example.com
1116,Megan Kim,Kim,35569 Cassie Springs,59473,megan.kim@example.com
1117,Jacqueline Hines,Hines,565 Wright Crescent,03897,jacqueline.hines@example.com
1118,Kathryn Hughes,Hughes,4739 Benson Overpass,26738,kathryn.hughes@example.com
1119,Samuel Hayes,Hayes,55188 Vance Vista Apt. 258,29892,samuel.hayes@example.com
1120,Curtis Taylor,Taylor,58957 Cheryl Corners Apt. 467,69404,curtis.taylor@example.com
1121,Jason Andrews,Andrews,1778 Anderson Village,72761,jason.andrews@example.com
1122,Catherine Burch,Burch,018 Kevin Estates Suite 358,37731,catherine.burch@example.com
1123,Danielle Reid,Reid,49818 Brittany Prairie Apt. 299,44753,danielle.reid@example.com
1124,Kristy Bryan,Bryan,09439 Montgomery Burgs,65779,kristy.bryan@example.com
1125,Kimberly May,May,3647 Haley Estate Suite 677,27242,kimberly.may@example.com
1126,Charles Hensley,Hensley,562 Robertson Coves Suite 371,35559,charles.hensley@example.com
1127,Charles Williams,Williams,632 Peck Stravenue Suite 327,67967,charles.williams@example.com
1128,Shawn Jimenez,Jimenez,8733 Williams Haven,65367,shawn.jimenez@example.com
1129,Sarah Chambers,Chambers,016 Nicole Stream Suite 650,53006,sarah.chambers@example.com
1130,Justin Cox,Cox,68784 David Court Suite 558,48421,justin.cox@example.com
1131,Christina Hicks,Hicks,02578 Hernandez Passage,18822,christina.hicks@example.com
1132,Louis Martin,Martin,588 Erickson Hills Suite 055,88818,louis.martin@example.com
1133,Jason Parker,Parker,749 Jennifer Prairie,63474,jason.parker@example.com
1134,Mark Harvey,Harvey,30913 Scott Manor Apt. 636,66275,mark.harvey@example.com
1135,Tami Salas,Salas,283 Bolton Neck,69376,tami.salas@example.com
1136,Tyler Stevens,Stevens,549 Lee Gateway Suite 843,39509,tyler.stevens@example.com
1137,Michele Vaughn,Vaughn,7584 Martinez Springs Suite 652,38571,michele.vaughn@example.com
1138,Tyler Miller,Miller,473 Maria Groves Suite 219,97611,tyler.miller@example.com
1139,Dana Santiago,Santiago,301 Rivera Mountains,13679,dana.santiago@example.com
1140,Brenda Oconnell,Oconnell,7734 Mitchell Circle,12226,brenda.oconnell@example.com
1141,Crystal Rodgers,Rodgers,62067 Sharon Well,38442,crystal.rodgers@example.com
1142,Alexandra Bradley,Bradley,4788 Small Dale,66589,alexandra.bradley@example.com
1143,Corey Rodriguez,Rodriguez,742 Jill Turnpike,39170,corey.rodriguez@example.com
1144,Nicole Thompson,Thompson,8516 Jack Dam Suite 530,34682,nicole.thompson@example.com
1145,Jeremy Adams,Adams,9904 Schwartz Circle Apt. 742,53639,jeremy.adams@example.com
1146,Tammy Barron,Barron,145 Jeffrey Dale Suite 279,49472,tammy.barron@example.com
1147,Joshua Ruiz,Ruiz,91878 Miller Port,15208,joshua.ruiz@example.com
1148,Joshua Wagner,Wagner,58713 Davis Pass,58891,joshua.wagner@example.com
1149,Jody Palmer,Palmer,087 Cummings Locks Suite 039,10073,jody.palmer@example.com
1150,Gregory Brown,Brown,70462 Katie Stream,85157,gregory.brown@example.com
1151,Jacqueline Vance,Vance,6182 Wilson Plain Suite 823,00956,jacqueline.vance@example.com
1152,Veronica Ford,Ford,633 Reed Harbor Apt. 106,81100,veronica.ford@example.com
1153,Stacey Smith,Smith,19079 John Cape,53226,stacey.smith@example.com
1154,Joshua Webster,Webster,84395 Young Wells,19278,joshua.webster@example.com
1155,Ms. Jennifer Hill,Hill,687 Teresa Row,88495,ms..jennifer.hill@example.com
1156,Joseph Horton,Horton,46287 Melissa Hills Apt. 708,54591,joseph.horton@example.com
1157,Kristin Anderson,Anderson,3517 Davis Stream,25467,kristin.anderson@example.com
1158,James Jacobs,Jacobs,39837 Molly Isle,40240,james.jacobs@example.com
1159,Alexis Giles,Giles,739 Randy Garden,72863,alexis.giles@example.com
1160,Douglas Owens,Owens,4587 Garcia Stravenue Suite 535,41516,douglas.owens@example.com
1161,Justin Walker,Walker,48996 Hernandez Isle,30650,justin.walker@example.com
1162,Roy Porter,Porter,7772 Jackson Stravenue Suite 280,69175,roy.porter@example.com
1163,Ryan Landry,Landry,62312 Jeffery Motorway,49417,ryan.landry@example.com
1164,Mark Peck,Peck,700 Smith Pines Suite 840,66327,mark.peck@example.com
1165,Megan Drake,Drake,18233 Ochoa Grove,52523,megan.drake@example.com
1166,Tyler Stevens,Stevens,341 Clayton Light,49937,tyler.stevens@example.com
1167,Amy Smith,Smith,76591 Jerry Ways,91240,amy.smith@example.com
1168,Karen Williams,Williams,489 Harry Vista,41721,karen.williams@example.com
1169,Daniel Thomas,Thomas,42939 Rhodes Plains Suite 621,66140,daniel.thomas@example.com
1170,Haley Davis,Davis,59996 Johnson Groves,59555,haley.davis@example.com
1171,Henry Pugh MD,MD,94311 Moore Station Apt. 655,14466,henry.pugh.md@example.com
1172,Tommy Wallace,Wallace,21267 Garcia Corners Suite 819,78887,tommy.wallace@example.com
1173,Sharon Smith,Smith,1839 Gina Extension Apt. 444,65135,sharon.smith@example.com
1174,Christopher Hill,Hill,1543 Wheeler Flat Suite 124,01388,christopher.hill@example.com
1175,Evelyn Oliver,Oliver,5692 Flores Square Apt. 752,52699,evelyn.oliver@example.com
1176,Doris Neal,Neal,356 Velasquez Lock Suite 193,78125,doris.neal@example.com
1177,Catherine Saunders MD,MD,374 Lori Underpass Suite 724,32223,catherine.saunders.md@example.com
1178,Christian Henderson,Henderson,79796 Stephens Turnpike Suite 891,14836,christian.henderson@example.com
1179,Mary Kelly,Kelly,656 Alex Green,29599,mary.kelly@example.com
1180,Kelly Carpenter,Carpenter,5679 Michael Burg,63778,kelly.carpenter@example.com
1181,Jason Nixon,Nixon,254 Gibson Ford,68804,jason.nixon@example.com
1182,Mr. Jeffrey Horton,Horton,40105 Erica Expressway Apt. 828,21490,mr..jeffrey.horton@example.com
1183,Jeffery Murray,Murray,226 Johnson Ridges Apt. 796,51466,jeffery.murray@example.com
1184,Daniel Ramirez,Ramirez,182 Nguyen Mount,15437,daniel.ramirez@example.com
1185,Scott Rose,Rose,696 Michael Vista Suite 924,81042,scott.rose@example.com
1186,Megan Edwards,Edwards,1252 Barnes Dam,75841,megan.edwards@example.com
1187,Cody Reid,Reid,274 Jacob Ville,59614,cody.reid@example.com
1188,Sharon Crane,Crane,36887 Cohen Mall Suite 721,74608,sharon.crane@example.com
1189,Philip Carter,Carter,84279 Dunn Creek Apt. 485,71547,philip.carter@example.com
1190,Amanda Ball,Ball,1340 Baker Wall,11902,amanda.ball@example.com
1191,Xavier Rowe,Rowe,95962 Kristen Via,27625,xavier.rowe@example.com
1192,Laura Patel,Patel,4494 Derek Terrace,54449,laura.patel@example.com
1193,Wendy Camacho,Camacho,232 Poole Trace,89136,wendy.camacho@example.com
1194,Charles Chen,Chen,7116 Neal Wells Suite 775,76779,charles.chen@example.com
1195,Raymond Oconnor,Oconnor,518 Robinson Meadow Apt. 745,37672,raymond.oconnor@example.com
1196,Kenneth Knight,Knight,0017 David Walks Apt. 770,56573,kenneth.knight@example.com
1197,Michael Anderson,Anderson,41541 Beck Run Apt. 064,95657,michael.anderson@example.com
1198,Cynthia Rios,Rios,37129 April Mills,01718,cynthia.rios@example.com
1199,Greg Martinez,Martinez,271 Patrick Street Apt. 155,39724,greg.martinez@example.com
