customer_id,full_name,last_name,address,zip,email
1179,Mary Kelly,Kelly,656 Alex Green,29599,mary.kelly@demo.com
1026,Cynthia Martin,Martin,0256 Joseph Turnpike,92418,cynthia.martin@demo.com
1125,Kimberly May,May,3647 Haley Estate Suite 677,27242,kimberly.may@demo.com
1156,Joseph Horton,Horton,46287 Melissa Hills Apt. 708,54591,joseph.horton@demo.com
1131,Christopher Lewis,Lewis,1754 Ward Point Suite 506,16391,christopher.lewis@example.com
1105,Terry Black,Black,7790 Scott Forks Apt. 843,20193,terry.black@example.com
1013,Allison Weaver,Weaver,0641 Alyssa Freeway,55527,allison.weaver@example.com
1148,Jonathan Parks,Parks,005 Jacqueline Turnpike Apt. 273,42016,jonathan.parks@example.com
1188,Sharon Crane,Crane,36887 Cohen Mall Suite 721,74608,sharon.crane@demo.com
1144,Rick Rivera,Rivera,46187 James Ville,33279,rick.rivera@example.com
1025,Ryan Bruce,Bruce,95590 Meza Port,19126,ryan.bruce@example.com
1036,Edgar Miller,Miller,6774 Darlene Loaf,24733,edgar.miller@example.com
1141,Jean Gray,Gray,63894 Wong Place Suite 631,24409,jean.gray@example.com
1115,Karen Wood,Wood,4956 Melissa Shoals Apt. 372,13644,karen.wood@example.com
1122,Karen Scott,Scott,335 Moses Path Apt. 434,12691,karen.scott@example.com
1126,Steven Ibarra,Ibarra,2846 Karen Crossroad Apt. 867,71380,steven.ibarra@example.com
1074,Anthony Walker,Walker,8997 Baldwin Crescent Apt. 305,47049,anthony.walker@example.com
1128,Erika Salazar,Salazar,84347 Diaz Parks Suite 365,48352,erika.salazar@example.com
1093,Laurie Haynes,Haynes,8144 Juan Mill,50493,laurie.haynes@example.com
1178,Christian Henderson,Henderson,79796 Streetephens Turnpike Suite 891,14836,christian.henderson@demo.com
1149,Dr. Nicole Trujillo,Trujillo,306 Ramsey Glen Apt. 778,39129,dr..nicole.trujillo@example.com
1037,James Lopez,Lopez,7743 Elliott Drive,99097,james.lopez@example.com
1034,Jessica Valdez,Valdez,01533 Terry Stravenue Suite 443,13072,jessica.valdez@example.com
1122,Catherine Burch,Burch,018 Kevin Estates Suite 358,37731,catherine.burch@demo.com
1175,Evelyn Oliver,Oliver,5692 Flores Square Apt. 752,52699,evelyn.oliver@demo.com
1007,Amy Wade,Wade,02027 Mills Tunnel,94973,amy.wade@example.com
1077,Noah Tran,Tran,782 Jessica Crossroad Apt. 699,42685,noah.tran@example.com
1060,Steven Howard,Howard,60332 Jessica Radial,66644,steven.howard@example.com
1081,Charles Santiago,Santiago,2442 Hannah Hill,27239,charles.santiago@example.com
1080,Erica Wilson,Wilson,799 Craig Ville Suite 608,14456,erica.wilson@example.com
1073,Ashley Gutierrez,Gutierrez,99488 Diamond Motorway,45177,ashley.gutierrez@example.com
1035,Kenneth Larsen,Larsen,50614 Gonzalez Burg,27626,kenneth.larsen@example.com
1067,Gary Craig,Craig,7809 Jimmy Spur Suite 316,13404,gary.craig@demo.com
1114,Jennifer Rodriguez,Rodriguez,944 Cunningham Ridge Suite 636,72866,jennifer.rodriguez@example.com
1058,Jake Smith,Smith,300 Jeremy Wells Suite 421,50773,jake.smith@example.com
1061,Michelle Collins,Collins,613 Streeteven Crest,85397,michelle.collins@demo.com
1151,Jacqueline Vance,Vance,6182 Wilson Plain Suite 823,00956,jacqueline.vance@demo.com
1049,Robert Torres,Torres,6574 Steven Springs Suite 910,67546,robert.torres@example.com
1137,Bonnie Roberson,Roberson,55778 Dunn Dale,91939,bonnie.roberson@example.com
1055,Jane Evans,Evans,23569 Thomas Wall,94305,jane.evans@example.com
1095,Brenda Williams,Williams,814 Kaitlin Stream Suite 368,19172,brenda.williams@example.com
1096,Sabrina Briggs,Briggs,24329 Kathleen Shoal,10377,sabrina.briggs@demo.com
1113,Colin Fletcher,Fletcher,818 Nicholas Ford,90647,colin.fletcher@example.com
1058,Catherine Richards,Richards,75655 Mia Isle Suite 746,72603,catherine.richards@demo.com
1143,Jeffrey Smith,Smith,07356 Floyd Parks,49180,jeffrey.smith@example.com
1065,Aaron Powers,Powers,721 Jennifer Courts,34041,aaron.powers@example.com
1103,Tracy Fitzgerald,Fitzgerald,0373 Joseph Fort Apt. 385,51369,tracy.fitzgerald@example.com
1132,Michael Jacobs,Jacobs,5587 Preston Light,80935,michael.jacobs@example.com
1187,Cody Reid,Reid,274 Jacob Ville,59614,cody.reid@demo.com
1048,Debra Ortiz,Ortiz,072 Carolyn Branch,29830,debra.ortiz@example.com
1092,Laura Perez,Perez,6766 Smith Spring Apt. 809,08789,laura.perez@example.com
1052,Laura Lee,Lee,875 Bruce Ville,86695,laura.lee@example.com
1084,Christina Hardy,Hardy,7212 Jill Crest,49941,christina.hardy@example.com
1100,Angela Jones,Jones,099 Hammond Forest,05305,angela.jones@example.com
1136,Kara Brown,Brown,114 Christopher Loaf Suite 334,58586,kara.brown@example.com
1192,Laura Patel,Patel,4494 Derek Terrace,54449,laura.patel@demo.com
1107,Christopher Whitaker,Whitaker,02992 Crystal Canyon,75509,christopher.whitaker@example.com
1117,Lee Ramsey,Ramsey,849 Sonya Viaduct Apt. 770,26939,lee.ramsey@example.com
1043,Claudia Lyons,Lyons,99124 Beth Inlet Suite 631,78108,claudia.lyons@demo.com
1043,Patrick Mccall,Mccall,54447 Teresa Forks Apt. 475,35814,patrick.mccall@example.com
1025,Timothy Stanton,Stanton,3315 Dickson Summit,20758,timothy.stanton@demo.com
1079,Kayla Cameron,Cameron,833 Claudia Highway Suite 228,71606,kayla.cameron@example.com
1046,Thomas Maldonado,Maldonado,7972 Matthews Keys,45622,thomas.maldonado@example.com
1196,Kenneth Knight,Knight,0017 David Walks Apt. 770,56573,kenneth.knight@demo.com
1063,Matthew Bates,Bates,926 William River Apt. 411,65740,matthew.bates@example.com
1146,Christine Price,Price,2088 Jon Route Suite 350,87886,christine.price@example.com
1010,Paula Moreno,Moreno,570 Sarah Wells,40807,paula.moreno@demo.com
1167,Amy Smith,Smith,76591 Jerry Ways,91240,amy.smith@demo.com
1028,Tom Foster,Foster,4522 Conner Oval,85590,tom.foster@example.com
1055,Taylor Coleman,Coleman,242 Brian Turnpike,40820,taylor.coleman@demo.com
1121,Bruce Palmer,Palmer,947 Hart Trail Apt. 577,77417,bruce.palmer@example.com
1111,Richard Gordon,Gordon,72980 Boyd Land,06194,richard.gordon@example.com
1027,Shane Garrison,Garrison,75433 Donna Locks,43526,shane.garrison@demo.com
1070,Michael Gregory,Gregory,588 Ryan Stream,33082,michael.gregory@example.com
1102,Jack Smith,Smith,282 Moore Port,74663,jack.smith@example.com
1078,Janice Petty,Petty,6547 Devon Rapids,92253,janice.petty@example.com
1127,Gregory Dalton,Dalton,1875 Alexander Fords,50233,gregory.dalton@example.com
1197,Michael Anderson,Anderson,41541 Beck Run Apt. 064,95657,michael.anderson@demo.com
1089,Robert Wilson,Wilson,408 Robertson Pass Suite 704,85898,robert.wilson@example.com
1001,Daniel Goodman,Goodman,731 Donald Crossing Suite 565,18828,daniel.goodman@example.com
1099,Sherry Ford,Ford,7812 Meagan Walks Apt. 834,96648,sherry.ford@example.com
1078,Michael Paul,Paul,261 Gilbert Harbors Apt. 537,58788,michael.paul@demo.com
1106,Denise Whitehead,Whitehead,1375 Robert Locks,66300,denise.whitehead@demo.com
1101,Kimberly Lutz,Lutz,256 Patricia Radial Suite 278,67401,kimberly.lutz@example.com
1045,Shaun Gonzalez,Gonzalez,07053 Richardson Mountain,66708,shaun.gonzalez@example.com
1059,Elizabeth Brown,Brown,4789 Hamilton Spur,18037,elizabeth.brown@example.com
1031,Ann Fletcher,Fletcher,0433 Michael Turnpike Apt. 006,57939,ann.fletcher@example.com
1064,Curtis Baker,Baker,6420 Lozano Spurs,63502,curtis.baker@example.com
1057,Katherine Gallagher,Gallagher,96666 Reyes Camp,70464,katherine.gallagher@example.com
1094,Matthew Wells,Wells,68424 Bernard Branch,73052,matthew.wells@example.com
1018,Melissa Williams,Williams,13568 Erica Green Apt. 067,73370,melissa.williams@example.com
1147,Brian Chen,Chen,24916 Albert Canyon Suite 925,12229,brian.chen@example.com
1107,James Miller,Miller,51522 Justin Village,62426,james.miller@demo.com
1041,Kelly Barnes,Barnes,29991 Anna Courts Suite 856,35121,kelly.barnes@example.com
1027,Lucas Drake,Drake,250 Dylan Squares Apt. 185,10007,lucas.drake@example.com
1033,Fernando Lynn,Lynn,2621 Matthew Ridges,63774,fernando.lynn@example.com
1011,Jonathan Winters,Winters,80617 Ayala Inlet,43400,jonathan.winters@example.com
1030,Robert Carr,Carr,2513 Haas Expressway,83887,robert.carr@example.com
1022,Lisa Holland,Holland,8701 Reyes Manor Apt. 838,03060,lisa.holland@example.com
1051,Tony Little,Little,09477 Peterson Center Suite 711,53022,tony.little@demo.com
1024,Pamela Key,Key,33480 Barbara Union,51412,pamela.key@example.com
1040,Zachary Burton,Burton,1168 Arnold Walks Suite 870,92305,zachary.burton@example.com
1134,Darren Stewart,Stewart,496 Barron Tunnel Suite 987,54763,darren.stewart@example.com
1139,Eric Smith,Smith,4780 Arroyo Neck,39771,eric.smith@example.com
1123,Paul Peterson,Peterson,5539 White Summit,90037,paul.peterson@example.com
1148,Joshua Wagner,Wagner,58713 Davis Pass,58891,joshua.wagner@demo.com
1057,Darryl Craig,Craig,490 Thomas Run,58464,darryl.craig@demo.com
1106,Jack Love,Love,365 Timothy Neck,63287,jack.love@example.com
1047,Steven Curry,Curry,0602 Mercedes Rue,30006,steven.curry@example.com
1124,Cheryl Mclaughlin,Mclaughlin,343 James Gateway,81581,cheryl.mclaughlin@example.com
1080,Gavin Zhang,Zhang,83933 Schroeder Turnpike,78617,gavin.zhang@demo.com
1009,Amy Villarreal,Villarreal,2419 Jeremy Pass,00837,amy.villarreal@example.com
1072,Donald Hunter,Hunter,3177 Miller Parks Suite 517,98180,donald.hunter@example.com
1010,Scott Sanchez,Sanchez,6220 Walker Gateway Suite 541,75413,scott.sanchez@example.com
1032,Tracy Wilkerson,Wilkerson,5861 Kramer Ports Apt. 271,04880,tracy.wilkerson@example.com
1103,Christopher Guerra,Guerra,706 Rhodes Freeway,58723,christopher.guerra@demo.com
1125,Richard Wilson,Wilson,790 Melanie Landing,81853,richard.wilson@example.com
1112,Jessica Mays,Mays,5991 Anderson Neck Apt. 149,71768,jessica.mays@example.com
1157,Kristin Anderson,Anderson,3517 Davis Streetream,25467,kristin.anderson@demo.com
1042,John Lynch,Lynch,46299 Williams Isle,91008,john.lynch@example.com
1019,Cynthia Wilson,Wilson,909 Robert Prairie,74586,cynthia.wilson@demo.com
1067,Alexandra Taylor,Taylor,5794 Nathan Junctions,24470,alexandra.taylor@example.com
1091,Jeff Lawson,Lawson,3815 Rodriguez Springs Suite 840,29404,jeff.lawson@demo.com
1071,Mr. Martin Hernandez,Hernandez,28772 Karen Islands,32075,mr..martin.hernandez@example.com
1090,Jose Vaughan,Vaughan,801 Ellen Trail,28442,jose.vaughan@example.com
1144,Nicole Thompson,Thompson,8516 Jack Dam Suite 530,34682,nicole.thompson@demo.com
1024,Kristen Patterson,Patterson,12805 Russell Canyon,40905,kristen.patterson@demo.com
1142,Alexandra Bradley,Bradley,4788 Small Dale,66589,alexandra.bradley@demo.com
1017,Joshua Oconnell,Oconnell,4741 Eric Spur,40375,joshua.oconnell@example.com
1116,James Morgan,Morgan,60127 Davis Greens,29568,james.morgan@example.com
1097,Raymond Snyder,Snyder,995 Hernandez Cliff Suite 744,78019,raymond.snyder@demo.com
1110,James Anderson,Anderson,88629 Gregory Ridges,79119,james.anderson@example.com
1119,Vanessa Miller,Miller,5669 April Street Apt. 184,95677,vanessa.miller@example.com
1050,Dr. Sara Hoffman DDS,DDS,1715 Davidson Wall Suite 443,20152,dr..sara.hoffman.dds@example.com
1135,Scott Martinez,Martinez,413 Randy Court,08862,scott.martinez@example.com
1053,Catherine Davis,Davis,482 Pena Forges,47068,catherine.davis@example.com
1062,Brian Wallace,Wallace,472 Heather Roads,01720,brian.wallace@example.com
1064,Timothy Kane,Kane,636 Louis Mountains,92936,timothy.kane@demo.com
1076,Timothy Long,Long,51609 Kelsey Mission Suite 982,65883,timothy.long@example.com
1003,Mark Jones,Jones,5269 Diaz Springs,23146,mark.jones@example.com
1026,Chelsea Travis,Travis,427 Christopher Fort Apt. 087,00590,chelsea.travis@example.com
1012,Jesus Wood,Wood,493 Richardson Park Apt. 832,01336,jesus.wood@example.com
1038,Anne Barnett,Barnett,380 Cardenas Manor Suite 937,39672,anne.barnett@example.com
1000,Raymond Mullins,Mullins,218 Chelsey Expressway,58185,raymond.mullins@example.com
1133,Mark Thomas,Thomas,569 Sweeney Cliffs,10870,mark.thomas@example.com
1138,Leslie Bryant,Bryant,845 Fernandez Valley Apt. 745,54529,leslie.bryant@example.com
1099,Kathryn Rosario,Rosario,51820 Jasmine Mill Apt. 554,51280,kathryn.rosario@demo.com
1129,Diana White,White,314 Angela Walks,50424,diana.white@example.com
1015,Jennifer Vargas,Vargas,2344 Howe Lock,92346,jennifer.vargas@example.com
1019,Danielle Murray,Murray,00323 Watson Roads,85001,danielle.murray@example.com
1082,Amanda Cervantes,Cervantes,838 Young Tunnel,91743,amanda.cervantes@example.com
1051,Cynthia Brown,Brown,520 Bright Green Suite 660,76919,cynthia.brown@example.com
1006,Matthew Foster,Foster,42388 Burgess Meadow Suite 532,67285,matthew.foster@demo.com
1121,Jason Andrews,Andrews,1778 Anderson Village,72761,jason.andrews@demo.com
1085,Douglas Baker,Baker,405 Mckinney Drives,05736,douglas.baker@example.com
1020,Kevin Lowery,Lowery,13721 Martinez Mountain,07138,kevin.lowery@example.com
1021,Kenneth Underwood,Underwood,0662 Lewis Ferry Suite 472,05042,kenneth.underwood@example.com
1083,Ashley Gordon,Gordon,847 Bruce Neck,53141,ashley.gordon@demo.com
1097,Nicholas Freeman,Freeman,2314 Rachel Island Suite 759,86932,nicholas.freeman@example.com
1108,Christopher Nielsen,Nielsen,904 Jay Rest Suite 723,54341,christopher.nielsen@example.com
1054,Seth Fisher,Fisher,4947 Thomas Way Apt. 738,16205,seth.fisher@example.com
1086,Frank Williams,Williams,9851 Fox Ferry Apt. 826,71683,frank.williams@example.com
1008,Jacob Brady,Brady,105 Nelson Circles Suite 917,60164,jacob.brady@example.com
1039,Steven Klein,Klein,72233 Brad Common,90039,steven.klein@example.com
1071,Jessica Wright,Wright,67136 Andrews Squares Suite 064,01562,jessica.wright@demo.com
1029,Michael Hoffman,Hoffman,92644 Gregory Alley Suite 902,79457,michael.hoffman@example.com
1109,Rebecca Hoover,Hoover,842 Nielsen Ranch,77911,rebecca.hoover@example.com
1091,Jessica Garcia,Garcia,120 Love Camp Apt. 102,33519,jessica.garcia@example.com
1004,Tiffany Townsend,Townsend,104 Bill Circle,52664,tiffany.townsend@example.com
1087,Anna Walker,Walker,555 Robinson Terrace,81540,anna.walker@example.com
1130,Robert Rodgers,Rodgers,26728 Floyd Hills Suite 890,52720,robert.rodgers@example.com
1119,Samuel Hayes,Hayes,55188 Vance Vista Apt. 258,29892,samuel.hayes@demo.com
1044,Lisa Davis,Davis,67850 Cameron Station Suite 289,04295,lisa.davis@example.com
1061,Jacob Santos,Santos,4890 Ebony Shoal,03088,jacob.santos@example.com
1096,Daniel Davenport,Davenport,29087 Kelly Cliff,33359,daniel.davenport@example.com
1023,Rachael Howard DDS,DDS,9856 White Island Apt. 040,62325,rachael.howard.dds@example.com
1083,Matthew House,House,5800 Harris Ways Suite 359,72146,matthew.house@example.com
1014,Anthony Shea DDS,DDS,38657 Beverly Parkways,18000,anthony.shea.dds@example.com
1002,Matthew Wright,Wright,043 Julie Hill Apt. 376,15278,matthew.wright@example.com
1016,Erika Chavez,Chavez,32912 Frank Mountain,41661,erika.chavez@example.com
1093,Justin Barnett,Barnett,60607 Michelle Ports Suite 966,38448,justin.barnett@demo.com
1066,Joyce Madden,Madden,0120 Ward Springs Suite 611,99880,joyce.madden@example.com
1056,Bobby Cook,Cook,0074 Kathleen Extension,76035,bobby.cook@example.com
1098,Kevin Cunningham,Cunningham,6205 Kristen Station Suite 452,89574,kevin.cunningham@example.com
1140,Brenda Oconnell,Oconnell,7734 Mitchell Circle,12226,brenda.oconnell@demo.com
1069,Mr. Jeffrey Carr,Carr,027 Rodriguez Loop Suite 014,86349,mr..jeffrey.carr@example.com
1133,Jason Parker,Parker,749 Jennifer Prairie,63474,jason.parker@demo.com
1075,Tracey Carter,Carter,102 Taylor Stravenue Suite 149,26180,tracey.carter@example.com
1006,Kevin Hines,Hines,6303 Sandy Crescent,59925,kevin.hines@example.com
1159,Alexis Giles,Giles,739 Randy Garden,72863,alexis.giles@demo.com
1140,Jeffrey Carter,Carter,85368 Foster Estates,94209,jeffrey.carter@example.com
1005,Lori Mason,Mason,6188 Joshua Inlet Apt. 832,70806,lori.mason@example.com
1120,Suzanne Bailey,Bailey,93769 Jose Lodge Apt. 818,39069,suzanne.bailey@example.com
1088,Yesenia Colon,Colon,57399 Susan Springs,42566,yesenia.colon@example.com
1068,James Bryant,Bryant,762 David Stream Apt. 216,77931,james.bryant@example.com
1052,Kenneth Parks Jr,Jr.,31869 Kimberly Light Suite 749,56708,kenneth.parks.jr.@demo.com
1104,Jesse Williams,Williams,84498 Nicholas Lane Suite 918,33476,jesse.williams@example.com
1145,Sandra Martinez,Martinez,7303 Moss Court,68807,sandra.martinez@example.com
1142,Brian Gibson,Gibson,9735 Edwin Place Apt. 214,35784,brian.gibson@example.com
1118,Tara Holmes,Holmes,98839 Emily Lake,31860,tara.holmes@example.com
